,Max Acc thresh,Max Acc,Max individual Acc thresh,Max individual Acc,Null Acc,Max F1 thresh,Max F1,Max individual F1 thresh,Max individual F1,Null F1,AUROC,Individual AUROC,Null AUROC,runtime,data_preprocess.resolution,data_preprocess.normalize,label_path,method.max_lag,method.filter_mode,method.architecture
2025-02-19 22:12:32.8295,0.38078897222335306,0.6782720825274017,0.05496063384951079,0.7098646034816247,0.6653771760154739,-0.05119651145759288,0.5018129079042785,0.09199325626932248,0.5564244266371926,0.5014492753623188,0.4097565290286926,0.4233156028368794,0.5,0 days 00:15:58.026251,6H,False,close_3,5,,
2025-02-19 22:15:26.6352,0.6797947893590658,0.6750483558994197,0.096553213411737,0.7127659574468085,0.6653771760154739,37.955603787730205,0.5015704276395265,0.24870928908153894,0.5591876208897486,0.5014492753623188,0.4047937110722768,0.4154174725983236,0.5,0 days 00:18:24.459933,12H,False,close_3,5,,
2025-02-19 22:08:28.2827,0.7741883848651185,0.6740812379110251,0.08816403368127433,0.7101869761444228,0.6653771760154739,50.8003051449757,0.5015704276395265,0.3525273172399576,0.5577323385834023,0.5014492753623188,0.3989881592507952,0.4154980657640232,0.5,0 days 00:11:50.927689,12H,False,close_3,3,,
2025-02-19 22:32:51.0440,0.29615333792604803,0.6676337846550613,0.02661573954428038,0.7021276595744681,0.6653771760154739,-0.045775060820434255,0.5014492753623188,0.02558181507942461,0.5463387676153634,0.5014492753623188,0.4010848418992995,0.4109042553191489,0.5,0 days 00:36:28.886372,1h,False,close_3,3,,
2025-02-19 21:55:49.0529,0.19318894668592107,0.6653771760154739,0.0018831896865581265,0.6689232753062538,0.6653771760154739,0.09219144695892242,0.5014492753623188,0.002547461979120291,0.5051579626047712,0.5014492753623188,0.4987504854296425,0.4984284332688588,0.5,0 days 00:00:14.242962,1h,True,close_3,3,,
2025-02-19 21:56:15.3202,0.15374394273085545,0.6660219213410703,0.002544465577120273,0.6689232753062538,0.6653771760154739,0.0,0.5014492753623188,0.0036016696438142936,0.5051579626047711,0.5014492753623188,0.5001934717181222,0.5009671179883946,0.5,0 days 00:00:08.933979,24H,True,close_3,3,,
2025-02-19 22:02:03.1439,0.8049895927661873,0.6744036105738234,0.10464841777094276,0.7095422308188265,0.6653771760154739,64.75189560619229,0.5014492753623188,0.5075353730349275,0.5595099935525467,0.5014492753623188,0.3896382708996131,0.4054239200515796,0.5,0 days 00:04:49.612543,24H,False,close_3,3,,
2025-02-19 22:08:18.7607,0.4150430125336678,0.6744036105738234,0.13918284502802153,0.7147001934235977,0.6653771760154739,49.60464426785875,0.5014492753623188,0.3217726186546202,0.5628995118356821,0.5014492753623188,0.4009065398575077,0.4134429400386847,0.5,0 days 00:06:09.961821,24H,False,close_3,5,,
2025-02-19 21:56:03.5805,0.4663203625330066,0.6653771760154739,0.004289763692414115,0.6689232753062538,0.6653771760154739,0.11364185297183114,0.5014492753623188,0.0046407045055921105,0.5051579626047711,0.5014492753623188,0.4982669228241549,0.4983075435203095,0.5,0 days 00:00:11.055073,12H,True,close_3,3,,
2025-02-19 22:07:47.5859,0.3916516560789057,0.6776273372018052,0.0541712857629436,0.7101869761444228,0.6653771760154739,-0.14729684442637914,0.5018129079042785,0.08779918539975064,0.5583033987289305,0.5014492753623188,0.4125498498902182,0.4281511927788523,0.5,0 days 00:11:23.631248,6H,False,close_3,3,,
2025-02-19 21:56:25.1947,0.2626990771302475,0.6653771760154739,0.0024348447476086692,0.6686009026434557,0.6653771760154739,0.06330846773868384,0.5014492753623188,0.0025082382890155865,0.5045132172791746,0.5014492753623188,0.4965823886125675,0.4968568665377176,0.5,0 days 00:00:26.910724,6H,True,close_3,5,,
2025-02-19 22:15:17.8459,0.20041279043407734,0.6669890393294649,0.022402618117181743,0.7030947775628625,0.6653771760154739,-0.0013050905604735867,0.5019417475728155,0.01919412707097871,0.5514783089251174,0.5014492753623188,0.3904968745799167,0.4019584139264991,0.5,0 days 00:18:59.473748,15min,False,close_3,3,,
2025-02-19 21:56:16.3066,0.09553313632282796,0.6656995486782721,0.002006952569940642,0.6692456479690521,0.6653771760154739,0.12286012532832748,0.5014492753623188,0.0026745253116544896,0.5054803352675694,0.5014492753623188,0.499223079192245,0.4990328820116054,0.5,0 days 00:00:37.945141,1h,True,close_3,5,,
2025-02-19 21:56:30.1941,0.1511111919395378,0.6653771760154739,0.0020584942617809143,0.6686009026434557,0.6653771760154739,0.09102357873573567,0.5014492753623188,0.002811728823270053,0.5045132172791746,0.5014492753623188,0.4982741575928664,0.4983075435203095,0.5,0 days 00:00:42.335353,6H,True,close_3,3,,
2025-02-19 21:56:21.3942,0.15308763993259542,0.6660219213410703,0.002467032731742432,0.6682785299806575,0.6653771760154739,0.0,0.5014492753623188,0.003335678039412536,0.5041908446163765,0.5014492753623188,0.4980372772624756,0.4989119922630561,0.5,0 days 00:00:09.281469,24H,True,close_3,5,,
2025-02-19 21:55:54.3220,0.05717354466173709,0.6653771760154739,0.0016956942519895752,0.6686009026434557,0.6653771760154739,0.11188225127377116,0.5014492753623188,0.0019875777925064454,0.504835589941973,0.5014492753623188,0.4984820988484115,0.4983075435203095,0.5,0 days 00:00:21.409921,15min,True,close_3,5,,
2025-02-19 21:56:13.5064,0.12237029381235427,0.6660219213410703,0.0021643789639644068,0.6686009026434557,0.6653771760154739,0.14923206562482227,0.5014492753623188,0.0028250657955746442,0.504835589941973,0.5014492753623188,0.498492367552389,0.4983075435203095,0.5,0 days 00:00:41.699665,15min,True,close_3,3,,
2025-02-19 22:22:10.5468,0.20577376352335186,0.6669890393294649,0.027173707503366156,0.7027724049000643,0.6653771760154739,-0.0002999784300639355,0.5015765219500363,0.02036422735030235,0.5520954223081883,0.5014492753623188,0.37603807262027455,0.39317375886524825,0.5,0 days 00:25:48.539648,15min,False,close_3,5,,
2025-02-19 21:56:09.8573,0.2594642309237136,0.6653771760154739,0.0032549785153591602,0.6682785299806575,0.6653771760154739,0.10191855739009716,0.5014492753623188,0.003782783075597682,0.5041908446163764,0.5014492753623188,0.4970701520515004,0.4974613152804642,0.5,0 days 00:00:11.655582,12H,True,close_3,5,,
2025-02-19 22:15:56.1612,0.215065402982641,0.6682785299806576,0.027666215792947608,0.7034171502256608,0.6653771760154739,-0.007807761356448116,0.501691638472692,0.027015515419121127,0.5477756286266924,0.5014492753623188,0.4001933316903408,0.41259671179883933,0.5,0 days 00:19:36.909961,1h,False,close_3,5,,
2024-10-26 05:17:49.4067,0.4522651095450391,0.6957915273132664,0.09858800586212173,0.750139353400223,0.6659698996655519,37.955603787730205,0.5008880994671403,0.3177317158942975,0.6140786749482402,0.5007834534628643,0.4724749663102453,0.4971374489037533,0.5,0 days 00:36:08.774616,12H,False,random_3,5,None,transformer
2024-10-25 14:38:36.0854,0.31474895638962225,0.6683389074693422,0.02293790498075256,0.7290969899665551,0.6659698996655519,-5.036732609945253e-08,0.5016856300042142,0.0296155322921651,0.5842331581462017,0.5007834534628643,0.4350654803822488,0.4579849498327759,0.5,0 days 01:58:46.467149,1H,False,random_3,5,None,transformer
2024-10-25 18:08:00.5167,0.4870214880093881,0.6659698996655519,0.003578655637359721,0.6714046822742475,0.6659698996655519,0.06176831263010995,0.5007834534628643,0.0042244374659679215,0.5061315496098104,0.5007834534628643,0.5012951688669217,0.5012019230769231,0.5,0 days 00:00:53.404073,6H,True,random_3,5,None,transformer
2024-10-25 10:37:15.5129,0.5196355096171626,0.6659698996655519,0.003991192835146517,0.6700111482720178,0.6659698996655519,0.08995852127953449,0.5007834534628643,0.004211288710171071,0.5048773690078038,0.5007834534628643,0.4976279462112743,0.4968122909698997,0.5,0 days 00:01:35.585785,15min,True,random_3,5,None,transformer
2024-10-25 11:17:29.4265,0.20220829825088865,0.6677814938684504,0.016869262000131155,0.7193422519509476,0.6659698996655519,-2.6455748649102137e-07,0.5070120972058667,0.015732155378152528,0.5749382863513298,0.5007834534628643,0.4235797554364313,0.4374825808249722,0.5,0 days 00:41:48.062484,15min,False,random_3,3,None,transformer
2024-10-25 13:38:47.6724,0.3044316530246361,0.6684782608695652,0.02373376624414109,0.7285395763656634,0.6659698996655519,0.0,0.5008485362749258,0.03195202689611375,0.5824454530976271,0.5007834534628643,0.4405334473769829,0.4584552675585285,0.5,0 days 01:11:53.893259,1H,False,random_3,3,None,transformer
2024-10-25 12:26:41.5871,0.4749158205336334,0.6659698996655519,0.004112373537272927,0.6725195094760312,0.6659698996655519,0.11673970378431887,0.5007834534628643,0.004950268412546879,0.5073857302118171,0.5007834534628643,0.5008464668161701,0.5004703177257525,0.5,0 days 00:01:18.667711,1H,True,random_3,5,None,transformer
2024-10-26 04:13:52.5202,0.4707401346187559,0.6659698996655519,0.004450416830244372,0.6714046822742475,0.6659698996655519,0.2583230810997643,0.5007834534628643,0.005498104867921883,0.5061315496098104,0.5007834534628643,0.5010052584563096,0.5011496655518395,0.5,0 days 00:00:43.898747,12H,True,random_3,5,None,transformer
2024-10-25 12:25:16.8376,0.5983699270519632,0.6659698996655519,0.005130560896982473,0.6722408026755853,0.6659698996655519,0.09219144696482008,0.5007834534628643,0.00648289486367251,0.5071070234113713,0.5007834534628643,0.5008855318293434,0.5002090301003345,0.5,0 days 00:01:05.745601,1H,True,random_3,3,None,transformer
2024-10-25 11:56:44.7283,0.20148376285070596,0.6675027870680045,0.019876651334886763,0.7169732441471572,0.6659698996655519,-2.596102463719247e-06,0.50328320271129,0.016695827858282317,0.5692506768593726,0.5007834534628643,0.4007967778653357,0.4194305091044221,0.5,0 days 01:20:35.271322,15min,False,random_3,5,None,transformer
2024-10-26 15:41:21.8085,0.50991894014805,0.6999721293199554,0.13911560982461818,0.7467948717948718,0.6659698996655519,64.75189560619229,0.5009404388714733,0.7399359502764313,0.6111164198120719,0.5007834534628643,0.4562011365430894,0.4765015328874024,0.5,0 days 00:15:11.219217,24H,False,random_3,3,None,transformer
2024-10-26 15:24:46.1956,0.25337931174280026,0.6661092530657748,0.0032533982095668684,0.6712653288740246,0.6659698996655519,0.0,0.5007834534628643,0.004495090737665181,0.5061315496098104,0.5007834534628643,0.5027778061490165,0.5029786789297659,0.5,0 days 00:00:35.373586,24H,True,random_3,3,None,transformer
2024-10-26 04:41:21.2058,0.19235058132870814,0.6939799331103679,0.08472226897140556,0.7481884057971014,0.6659698996655519,50.8003051449757,0.5010451505016723,0.3926026988173605,0.6110845676063067,0.5007834534628643,0.4635156346912332,0.4914065403195838,0.5,0 days 00:27:13.336743,12H,False,random_3,3,None,transformer
2024-10-25 10:35:59.4210,0.5745203780968191,0.6659698996655519,0.0048460352465460425,0.6700111482720178,0.6659698996655519,0.14181909136638818,0.5007834534628643,0.005444525613320665,0.5048773690078038,0.5007834534628643,0.4974292602448325,0.4966555183946488,0.5,0 days 00:01:19.523840,15min,True,random_3,3,None,transformer
2024-10-26 15:49:02.9776,0.5357139177334677,0.6989966555183946,0.1404416381737802,0.7504180602006689,0.6659698996655519,49.60464426785875,0.5008880994671403,0.6481389383806141,0.6166308329351807,0.5007834534628643,0.4687136384385063,0.4862911092530658,0.5,0 days 00:20:20.604142,24H,False,random_3,5,None,transformer
2024-10-25 18:51:29.1853,0.1659662990009205,0.6888238573021181,0.05523763420627932,0.7509754738015608,0.6659698996655519,-0.12924551925311534,0.5009932043910088,0.1377060186415437,0.6126094919573181,0.5007834534628643,0.4692797974171349,0.500534188034188,0.5,0 days 00:43:21.961535,6H,False,random_3,3,None,transformer
2024-10-25 19:28:31.8106,0.16598651980762427,0.6884057971014492,0.05518151492254927,0.7497212931995542,0.6659698996655519,3.1700794933954595,0.5013120604597461,0.13283183726211564,0.6109093804745979,0.5007834534628643,0.4727254188751493,0.5007838628762542,0.5,0 days 01:01:51.734508,6H,False,random_3,5,None,transformer
2024-10-26 15:25:47.3071,0.2537965102009535,0.6659698996655519,0.003124733515995415,0.6715440356744705,0.6659698996655519,0.25254781928698394,0.5007834534628643,0.004527834169750794,0.5062709030100334,0.5007834534628643,0.5018539076754502,0.5020903010033445,0.5,0 days 00:00:36.276771,24H,True,random_3,5,None,transformer
2024-10-26 04:12:51.2039,0.4700277381841712,0.6659698996655519,0.004630420847314777,0.6709866220735786,0.6659698996655519,0.1336606079194198,0.5007834534628643,0.0057295215675307355,0.5058528428093646,0.5007834534628643,0.5017277211356911,0.5016199832775919,0.5,0 days 00:00:42.625014,12H,True,random_3,3,None,transformer
2024-10-25 18:06:56.8172,0.4880128107657905,0.6659698996655519,0.003942481146854641,0.6712653288740246,0.6659698996655519,0.08351901622700303,0.5007834534628643,0.005071064695773362,0.5059921962095875,0.5007834534628643,0.5014059039936489,0.5012541806020067,0.5,0 days 00:00:47.885598,6H,True,random_3,3,None,transformer
2024-10-27 14:01:54.7086,2.7370059301475056,0.8008775428799362,0.5717413061329315,0.8403536763728228,0.7989030714000798,41.159719431378434,0.4163288732646984,1.122659380691165,0.524115886819313,0.3348554538963519,0.5764034724296625,0.5888888750387804,0.5,0 days 13:09:42.181283,24H,False,random_5,5,None,transformer
2024-10-27 13:35:48.3826,0.14489813340644694,0.8005983246908656,0.01971625522506258,0.8177835394229492,0.7989030714000798,-1.8491533531270176e-06,0.3376534251352841,0.014740671859286491,0.4153498131156367,0.3348554538963519,0.4872128659792902,0.497653864813443,0.5,2 days 02:31:01.168564,15min,False,random_5,5,None,transformer
2024-10-26 16:44:32.3835,0.2518162515269361,0.7989296636085627,0.006248183154661511,0.8007578779417631,0.7989030714000798,0.0,0.3348554538963519,0.005947426361493342,0.3372382968713244,0.3348554538963519,0.5023273789900248,0.5022621164707074,0.5,0 days 01:02:51.450487,24H,True,random_5,3,None,transformer
2024-10-25 11:54:35.7557,0.5750971700297535,0.7989030714000798,0.0070903071675717565,0.7993551389442894,0.7989030714000798,0.08919283278548976,0.3348554538963519,0.004628925781415004,0.3353184303323913,0.3348554538963519,0.4975464565350377,0.4965960548559272,0.5,0 days 01:17:14.824424,15min,True,random_5,5,None,transformer
2024-10-27 05:50:04.2583,0.31073303865484736,0.8139609094535302,0.1189209035659315,0.8482914506049728,0.7989030714000798,1.9062436448469808,0.3898281548342301,0.16950803419769006,0.5289681805604071,0.3348554538963519,0.5794832632323254,0.6043300860764463,0.5,1 days 10:21:24.823690,6H,False,random_5,5,None,transformer
2024-10-29 11:59:00.5956,0.220240556426147,0.8003922350751229,0.029091234874241537,0.8302752293577982,0.7989030714000798,-1.8799927449715525e-11,0.3364028519702287,0.033876000261067664,0.4700952636836725,0.3348554538963519,0.5303766578612673,0.5512602668876352,0.5,3 days 21:44:21.844288,1H,False,random_5,5,None,transformer
2024-10-25 14:36:21.9069,0.599473131666902,0.7989030714000798,0.00917482955078229,0.8001130168860524,0.7989030714000798,0.11892879841748215,0.3348554538963519,0.0064843864578361405,0.3363776379332821,0.3348554538963519,0.4997397961984197,0.4990741400269721,0.5,0 days 01:18:12.295227,1H,True,random_5,5,None,transformer
2024-10-25 19:40:01.7726,0.4875312580617696,0.7989030714000798,0.006490299076869266,0.8002127376678635,0.7989030714000798,0.0783890019635813,0.3348554538963519,0.0053332454187570676,0.3366142241690706,0.3348554538963519,0.5011481583579043,0.5008151342906528,0.5,0 days 01:11:53.066080,6H,True,random_5,3,None,transformer
2024-10-26 06:23:16.0749,0.4736291211787338,0.7989030714000798,0.0065731251552520135,0.8002060896157427,0.7989030714000798,0.1402610342051022,0.3348554538963519,0.006165342539611741,0.3365604066042837,0.3348554538963519,0.5020313418690717,0.5017742325456974,0.5,0 days 01:05:06.660700,12H,True,random_5,3,None,transformer
2024-10-27 02:11:15.2665,0.5833284884112366,0.8017617338119931,0.6176845740863669,0.8396556309001463,0.7989030714000798,51.06396680580742,0.4062310193290221,1.099966557782453,0.5161305337260556,0.3348554538963519,0.5600130361965804,0.5723237633040186,0.5,0 days 10:14:04.168055,24H,False,random_5,3,None,transformer
2024-10-27 00:52:22.5308,0.5478866911755004,0.8111354873022204,0.2755205378763925,0.8460909453530117,0.7989030714000798,23.944648625619635,0.4236918972765799,0.4858409546760061,0.5365649075147739,0.3348554538963519,0.5885318964460571,0.6084451314098303,0.5,0 days 16:30:15.205294,12H,False,random_5,5,None,transformer
2024-10-27 07:01:15.8319,0.4536294318832284,0.8091809599787262,0.27499284082045394,0.8449408323361255,0.7989030714000798,33.31700736299303,0.4217665834027199,0.531277157887871,0.5314279318879965,0.3348554538963519,0.5765184846587607,0.5957900359153101,0.5,0 days 18:12:33.868788,12H,False,random_5,3,None,transformer
2024-10-27 05:09:32.1714,0.2990957907222118,0.8143730886850153,0.12645618554876675,0.8489629038691664,0.7989030714000798,4.638698958566722,0.3968760974630835,0.19134201676254334,0.5319488719266998,0.3348554538963519,0.5782677604565125,0.6034735676613419,0.5,0 days 19:48:59.605355,6H,False,random_5,3,None,transformer
2024-10-26 08:21:55.0799,0.2853139912064042,0.8004986039090547,0.020099408319085743,0.8195984576519081,0.7989030714000798,-1.915324035903876e-07,0.3406653190015061,0.015880914808518772,0.4240504399001662,0.3348554538963519,0.5014044304419399,0.5110699782672009,0.5,0 days 21:19:37.752005,15min,False,random_5,3,None,transformer
2024-10-26 07:29:06.6602,0.4743865653003812,0.7989030714000798,0.00599620199295425,0.8002592740327086,0.7989030714000798,0.18462393942449215,0.3348554538963519,0.005211856645517258,0.3366254289668729,0.3348554538963519,0.5019886786622462,0.5016794879100424,0.5,0 days 01:05:27.959102,12H,True,random_5,5,None,transformer
2024-10-25 11:46:38.5904,0.5745572485924643,0.7989030714000798,0.009529263627535206,0.7993484908921688,0.7989030714000798,0.13431376507274412,0.3348554538963519,0.006013175873544893,0.33530956626289693,0.3348554538963519,0.4974614242024145,0.4965292696323311,0.5,0 days 01:10:28.926516,15min,True,random_5,3,None,transformer
2024-10-25 14:14:22.7239,0.6005550457757913,0.7989030714000798,0.010696196724685664,0.8001462571466561,0.7989030714000798,0.11822877003366085,0.3348554538963519,0.0074019115733675875,0.3364346212371741,0.3348554538963519,0.4998196618932593,0.4990986408690587,0.5,0 days 01:20:42.470978,1H,True,random_5,3,None,transformer
2024-10-25 19:59:53.9570,0.491049142968375,0.7989030714000798,0.005803643326649849,0.8001662013030184,0.7989030714000798,0.09147309055702146,0.3348554538963519,0.004662566182565453,0.3365648386390309,0.3348554538963519,0.5006701160291525,0.5003775856174141,0.5,0 days 01:08:14.294626,6H,True,random_5,5,None,transformer
2024-10-27 20:28:48.1722,0.17466468877446625,0.8007911182023667,0.032139544782426185,0.8302619332535568,0.7989030714000798,-3.4247624646897376e-12,0.3359203844912793,0.04061848809343435,0.4717055295923427,0.3348554538963519,0.536216885901611,0.554505549144934,0.5,2 days 06:49:37.755313,1H,False,random_5,3,None,transformer
2024-10-26 16:53:58.5907,0.2609566492891988,0.7989030714000798,0.006014746936086364,0.8008110623587289,0.7989030714000798,0.2382022973005187,0.3348554538963519,0.005600589228946564,0.3372832503666169,0.3348554538963519,0.5024019728216426,0.5022945336391437,0.5,0 days 01:04:47.862919,24H,True,random_5,5,None,transformer
2024-11-05 01:21:10.4828,0.3060399121617273,0.8335893497183821,0.021803178056370682,0.8576548899129544,0.8333333333333334,0.0,0.2876224398931433,0.014487266016268275,0.4198302977104819,0.2857142857142857,0.4601060403349686,0.4757296466973886,0.5,0 days 00:07:00.175365,15min,False,1_random_3,3,None,transformer
2024-11-05 09:38:25.7608,0.621588039206658,0.8407578084997441,0.0987185996651861,0.8681515616999486,0.8333333333333334,-0.9178018842744798,0.2857142857142857,0.25058317046149386,0.457691463682247,0.2857142857142857,0.4911191809363356,0.5116743471582181,0.5,0 days 00:06:40.546883,12H,False,1_random_3,3,None,transformer
2024-11-05 04:17:58.0314,0.06323586898899672,0.8333333333333334,0.002354953013811182,0.8381976446492575,0.8333333333333334,0.11594497579018985,0.2857142857142857,0.0023976301128472593,0.3065613342111037,0.2857142857142857,0.5107302719908636,0.5109062980030722,0.5,0 days 00:00:36.250594,1H,True,1_random_3,3,None,transformer
2024-11-05 11:06:23.2065,0.725690610375772,0.8379416282642089,0.17656308528923206,0.8655913978494624,0.8333333333333334,-0.6184035152207404,0.2857142857142857,0.5170025271946492,0.4483285787433252,0.2857142857142857,0.4764658412792796,0.4943164362519201,0.5,0 days 00:04:45.945691,24H,False,1_random_3,3,None,transformer
2024-11-05 11:01:33.7337,0.01816261168607825,0.8341013824884793,0.0013841853978251075,0.8366615463389656,0.8333333333333334,0.2533330081842346,0.2857142857142857,0.0020412991753052663,0.2999780557384243,0.2857142857142857,0.5067878556209163,0.5069124423963134,0.5,0 days 00:00:21.283401,24H,True,1_random_3,5,None,transformer
2024-11-05 07:04:18.3192,0.028704643357235507,0.8333333333333334,0.0014491890623745,0.8371735791090628,0.8333333333333334,0.052141029493205995,0.2857142857142857,0.0015545818117109985,0.3021724818959841,0.2857142857142857,0.5082965825941892,0.5084485407066052,0.5,0 days 00:00:22.760671,6H,True,1_random_3,5,None,transformer
2024-11-05 04:58:30.4215,0.1796348608339672,0.8343573988735279,0.02106200489225466,0.8589349718381976,0.8333333333333334,-0.05182365751103017,0.2857142857142857,0.02077248089394556,0.4255650647355715,0.2857142857142857,0.4659281124867568,0.4807987711213518,0.5,0 days 00:24:55.348764,1H,False,1_random_3,5,None,transformer
2024-11-05 09:31:10.5908,0.015854238069023103,0.8335893497183821,0.0021174915201800735,0.8366615463389656,0.8333333333333334,0.13553945436713602,0.2857142857142857,0.002611055940602503,0.3005632360471069,0.2857142857142857,0.5078364609805074,0.5076804915514593,0.5,0 days 00:00:25.193828,12H,True,1_random_3,3,None,transformer
2024-11-05 07:14:25.4945,0.3507664519256227,0.8394777265745008,0.049652710270863896,0.8694316436251921,0.8333333333333334,-1.41485579065469,0.2857142857142857,0.09407033716343384,0.4592860800234072,0.2857142857142857,0.4911165853785149,0.5129032258064515,0.5,0 days 00:10:03.933001,6H,False,1_random_3,3,None,transformer
2024-11-05 09:31:39.8530,0.0351612354896703,0.8341013824884793,0.002012491914412075,0.8366615463389655,0.8333333333333334,0.13625659031523235,0.2857142857142857,0.002205266353746393,0.3005632360471069,0.2857142857142857,0.5078402363373375,0.5076804915514593,0.5,0 days 00:00:25.176392,12H,True,1_random_3,5,None,transformer
2024-11-05 07:03:52.6732,0.02980849301238222,0.8338453661034306,0.0014342090629257812,0.837173579109063,0.8333333333333334,0.08902246028528607,0.2857142857142857,0.001593065866260227,0.3021724818959841,0.2857142857142857,0.5089081904006834,0.5090629800307219,0.5,0 days 00:00:22.428772,6H,True,1_random_3,3,None,transformer
2024-11-05 11:13:08.9456,0.6172820086531989,0.8379416282642089,0.1981542217948548,0.8678955453149002,0.8333333333333334,-0.09556167859420893,0.28577699736611056,0.5324099999638134,0.4589203423304805,0.2857142857142857,0.4939563615942389,0.5116743471582181,0.5,0 days 00:06:40.343794,24H,False,1_random_3,5,None,transformer
2024-11-05 01:13:40.0547,0.5750429981668335,0.8333333333333334,0.0019026019496855167,0.8369175627240142,0.8333333333333334,0.09547282972708276,0.2857142857142857,0.001710970374494586,0.3016604491258868,0.2857142857142857,0.5073517995474291,0.5072196620583718,0.5,0 days 00:00:28.637371,15min,True,1_random_3,5,None,transformer
2024-11-05 11:01:08.4974,0.018793838071649815,0.8341013824884793,0.0013102036788604885,0.8369175627240142,0.8333333333333334,0.24936550783159586,0.2857142857142857,0.001955987787919478,0.3010752688172042,0.2857142857142857,0.5081507594366224,0.508294930875576,0.5,0 days 00:00:22.025859,24H,True,1_random_3,3,None,transformer
2024-11-05 09:47:55.8688,0.627288804857369,0.8417818740399385,0.09095196857074243,0.8671274961597543,0.8333333333333334,-0.08062077843526147,0.2857142857142857,0.2384968159824329,0.4566381391266183,0.2857142857142857,0.4943730666043733,0.5138248847926268,0.5,0 days 00:09:24.704588,12H,False,1_random_3,5,None,transformer
2024-11-05 07:25:01.2849,0.2920518357525487,0.8407578084997441,0.04617086210599285,0.8694316436251921,0.8333333333333334,-0.17570815855626346,0.2857142857142857,0.08075994544052585,0.46406261429302903,0.2857142857142857,0.5014688497667537,0.5192012288786483,0.5,0 days 00:10:32.242674,6H,False,1_random_3,5,None,transformer
2024-11-05 04:18:42.3177,0.07394077337509397,0.8333333333333334,0.001921433412859516,0.8376856118791601,0.8333333333333334,0.46550814086184494,0.2857142857142857,0.0020519605836217107,0.3049520883622265,0.2857142857142857,0.5099610430367082,0.5098310291858679,0.5,0 days 00:00:39.935029,1H,True,1_random_3,5,None,transformer
2024-11-05 01:31:31.8797,0.1930542604716338,0.8341013824884793,0.023296690437731686,0.8571428571428571,0.8333333333333334,-3.832391777410928e-06,0.28653548529736905,0.015331442214421356,0.4175627240143369,0.2857142857142857,0.4468347172375714,0.4614439324116743,0.5,0 days 00:09:50.772707,15min,False,1_random_3,5,None,transformer
2024-11-05 13:33:39.2113,0.3722002897207165,0.8333333333333334,0.002069793118499152,0.837173579109063,0.8333333333333334,0.2019985481357611,0.2857142857142857,0.0023573724654742554,0.3021724818959841,0.2857142857142857,0.5073593502610896,0.5075268817204299,0.5,0 days 00:00:25.067358,15min,True,1_random_3,3,None,transformer
2024-11-05 04:33:31.0069,0.16744259879566695,0.8348694316436251,0.02137385197650615,0.8584229390681002,0.8333333333333334,-0.02530045798938674,0.28577699736611056,0.020971632265037628,0.4212274156974617,0.2857142857142857,0.4677933747206826,0.4780337941628263,0.5,0 days 00:14:45.144870,1H,False,1_random_3,3,None,transformer
2024-10-26 14:05:04.1152,0.12929457486231874,0.7994656488549619,0.006083044456566334,0.8019847328244274,0.7993129770992367,0.0,0.3342869858223663,0.006910832226437277,0.3380152671755727,0.3342869858223663,0.5029172749355489,0.5030152671755725,0.5,0 days 00:00:53.441993,24H,True,root_cause_5,3,None,transformer
2024-10-25 10:35:55.8878,0.13201644478382066,0.7993129770992367,0.006787054106848546,0.8003053435114501,0.7993129770992367,0.09401582231409317,0.3342869858223663,0.0044467874168964226,0.33536895674300266,0.3342869858223663,0.4979958412916705,0.4970849236641221,0.5,0 days 00:03:06.010085,15min,True,root_cause_5,5,None,transformer
2024-10-25 16:10:00.6953,0.12610773710120546,0.8013740458015267,0.02217684445067936,0.8294656488549618,0.7993129770992367,-1.5215724936473634e-09,0.3398192731350175,0.019033271514832733,0.4526343168879074,0.3342869858223663,0.5397332246837696,0.5538307888040712,0.5,0 days 05:37:10.888435,15min,False,root_cause_5,3,None,transformer
2024-10-25 17:51:15.9442,0.163127867225384,0.8045038167938932,0.034631768507303914,0.8288549618320611,0.7993129770992367,-0.06361448214423335,0.3343294970433013,0.048572160767296736,0.4550979620761187,0.3342869858223663,0.5375888282655288,0.5562595419847328,0.5,0 days 06:32:38.004559,1H,False,root_cause_5,3,None,transformer
2024-10-25 20:08:22.8483,0.2583553532218782,0.7993129770992367,0.006080448024331489,0.8018320610687022,0.7993129770992367,0.14220716210365575,0.3342869858223663,0.005501188172675464,0.3377099236641222,0.3342869858223663,0.5029560714319057,0.5027504770992366,0.5,0 days 00:01:13.301363,12H,True,root_cause_5,5,None,transformer
2024-10-25 17:11:07.4051,0.3811781337730287,0.8035114503816794,0.13191912178942253,0.8320610687022901,0.7993129770992367,-0.18528092955095374,0.3346699764496213,0.1595133326033525,0.4652440173920879,0.3342869858223663,0.5249257136094221,0.5461925890585242,0.5,0 days 02:03:58.983374,6H,False,root_cause_5,3,None,transformer
2024-10-26 14:55:21.6788,7.2079901961423625,0.7994656488549619,0.4774469656688388,0.8217557251908397,0.7993129770992367,13.8241444186481,0.3343932841516154,0.3636271502152837,0.4276068874776694,0.3342869858223663,0.4662497726427232,0.4815042938931298,0.5,0 days 00:43:10.498377,24H,False,root_cause_5,5,None,transformer
2024-10-25 11:18:41.9549,0.15160222679094032,0.7993129770992367,0.009955515669260765,0.8007633587786259,0.7993129770992367,0.1196891050751852,0.3342869858223663,0.006174222779224301,0.3362849872773537,0.3342869858223663,0.5001300300175177,0.4992557251908397,0.5,0 days 00:01:34.046906,1H,True,root_cause_5,3,None,transformer
2024-10-25 15:05:22.9887,0.1558022156084964,0.7993129770992367,0.0051444614496509436,0.8016030534351144,0.7993129770992367,0.07799271433962594,0.3342869858223663,0.004975555102649218,0.33774385072095003,0.3342869858223663,0.5027953456845927,0.5026908396946564,0.5,0 days 00:01:14.476994,6H,True,root_cause_5,3,None,transformer
2024-10-25 10:35:17.4770,0.13266934474211234,0.7994656488549619,0.009469330388362446,0.8002290076335876,0.7993129770992367,0.1728773909544928,0.3342869858223663,0.0058681352698345774,0.3352671755725192,0.3342869858223663,0.4978652300532336,0.4969298664122137,0.5,0 days 00:02:25.942956,15min,True,root_cause_5,3,None,transformer
2024-10-25 15:06:57.9975,0.262754115381575,0.7993129770992367,0.005149643189302905,0.8013740458015265,0.7993129770992367,0.09238885857860736,0.3342869858223663,0.004580292888672686,0.3375233248515692,0.3342869858223663,0.5012716387185983,0.5012595419847328,0.5,0 days 00:01:20.106333,6H,True,root_cause_5,5,None,transformer
2024-10-25 19:01:02.7183,0.08709391666598604,0.8062595419847328,0.031022875758816387,0.8308396946564884,0.7993129770992367,-1.8799927449715525e-11,0.3358040605865292,0.038847826141319576,0.4667382687487722,0.3342869858223663,0.539953162312226,0.5638788167938931,0.5,0 days 07:41:54.888361,1H,False,root_cause_5,5,None,transformer
2024-10-25 21:37:51.1041,0.4704338410709236,0.8013740458015267,0.26911073393146845,0.8304580152671754,0.7993129770992367,-0.15324813388642428,0.3346496815286624,0.24118071418740786,0.4549698417156101,0.3342869858223663,0.4905169266243827,0.5165248091603054,0.5,0 days 01:29:11.375622,12H,False,root_cause_5,3,None,transformer
2024-10-26 14:47:54.8201,7.628056220811852,0.7994656488549619,0.479262630522331,0.8232061068702288,0.7993129770992367,-0.7503681586094126,0.33437201907790143,0.3636816184163279,0.4256092306439461,0.3342869858223663,0.4553748204708478,0.47026860687022903,0.5,0 days 00:41:44.260511,24H,False,root_cause_5,3,None,transformer
2024-10-25 22:45:03.3376,0.5144518318043099,0.8022137404580153,0.24410860009690635,0.8318320610687021,0.7993129770992367,-0.08815046597022214,0.3344570956046053,0.2515273336508131,0.4588654678134579,0.3342869858223663,0.4975711685944251,0.5235712468193384,0.5,0 days 02:13:53.169170,12H,False,root_cause_5,5,None,transformer
2024-10-25 18:05:55.9873,0.35643299700395664,0.8058015267175572,0.1264371404619947,0.8338167938931297,0.7993129770992367,-8.905266454321903e-10,0.33493620568057964,0.14455808348466812,0.4716188832220343,0.3342869858223663,0.5293453538053386,0.5550655216284988,0.5,0 days 02:49:18.064871,6H,False,root_cause_5,5,None,transformer
2024-10-26 14:06:06.0474,0.158567475576648,0.7993893129770993,0.005668847415154932,0.8020610687022901,0.7993129770992367,0.0,0.3342869858223663,0.006535678727754558,0.3381170483460561,0.3342869858223663,0.5029671872819855,0.5030391221374046,0.5,0 days 00:00:54.852654,24H,True,root_cause_5,5,None,transformer
2024-10-25 20:06:50.5230,0.4663231957749096,0.7993129770992367,0.00657274990597029,0.8018320610687021,0.7993129770992367,0.1402610342051022,0.3342869858223663,0.006793005490836005,0.3378795589482614,0.3342869858223663,0.5041351143928136,0.5038955152671756,0.5,0 days 00:01:10.049520,12H,True,root_cause_5,3,None,transformer
2024-10-25 18:26:12.4134,0.1426505508030643,0.8016793893129771,0.020940638532249502,0.8279389312977099,0.7993129770992367,-2.0501534314943798e-08,0.33820188250567995,0.018767369692918725,0.4526997333461736,0.3342869858223663,0.5304456594948487,0.5485847646310432,0.5,0 days 07:53:22.482921,15min,False,root_cause_5,5,None,transformer
2024-10-25 11:20:03.0644,0.10107493608539776,0.7994656488549619,0.008817378485888597,0.8004580152671755,0.7993129770992367,0.0,0.3342869858223663,0.005805648026437965,0.3358342420937842,0.3342869858223663,0.4998302653284394,0.4989456106870229,0.5,0 days 00:02:23.410602,1H,True,root_cause_5,5,None,transformer
2024-11-05 05:32:57.8321,0.08848915187798517,0.6319444444444444,0.008995120044219256,0.6458333333333334,0.6319444444444444,0.025413034709169877,0.5380710659898478,0.005226263128044746,0.5555555555555555,0.5380710659898478,0.4850715322413435,0.4895833333333333,0.5,0 days 00:00:05.779487,1H,True,confounder_3,3,None,transformer
2024-11-05 13:14:27.8008,0.12933962862817186,0.6527777777777778,0.041588463899172576,0.6875,0.6319444444444444,-0.029278752674655406,0.5408163265306123,0.04505055625846862,0.5974206349206349,0.5380710659898478,0.4279494090814845,0.4539930555555556,0.5,0 days 00:00:09.527514,24H,False,confounder_3,3,None,transformer
2024-11-05 10:25:49.8664,0.09290583628444736,0.6388888888888888,0.03512370228315475,0.6736111111111109,0.6319444444444444,0.0,0.5380710659898478,0.022695773542142916,0.5763888888888888,0.5380710659898478,0.3864814430852167,0.3964120370370369,0.5,0 days 00:00:28.025910,12H,False,confounder_3,5,None,transformer
2024-11-05 05:33:35.9787,0.08650638129433283,0.6388888888888888,0.03095593923212825,0.6875,0.6319444444444444,0.24621247955517694,0.5463917525773195,0.015818272184935495,0.6210317460317459,0.5380710659898478,0.4223512336719883,0.4401041666666667,0.5,0 days 00:00:26.475422,1H,False,confounder_3,3,None,transformer
2024-11-05 10:24:40.4011,2.4383060599170306e-07,0.6388888888888888,0.000805812952640029,0.6458333333333334,0.6319444444444444,0.0,0.5380710659898478,0.0012220723418964533,0.5555555555555555,0.5380710659898478,0.5080862533692722,0.5104166666666666,0.5,0 days 00:00:09.208637,12H,True,confounder_3,3,None,transformer
2024-11-05 05:34:20.0887,0.05667785981115672,0.6319444444444444,0.020235467171168475,0.6805555555555555,0.6319444444444444,0.12733433092853666,0.5380710659898478,0.02540607923815065,0.6057539682539682,0.5380710659898478,0.3941530167945263,0.4140625,0.5,0 days 00:00:41.570746,1H,False,confounder_3,5,None,transformer
2024-11-05 09:00:28.9128,0.04644951888800265,0.6319444444444444,0.003237641248114593,0.6388888888888888,0.6319444444444444,0.001555023739529033,0.5380710659898478,0.0022477516425822826,0.5416666666666666,0.5380710659898478,0.4870412606261663,0.4895833333333333,0.5,0 days 00:00:08.124912,6H,True,confounder_3,5,None,transformer
2024-11-05 05:33:06.3604,0.15661168519369895,0.6319444444444444,0.011324757503266244,0.6458333333333334,0.6319444444444444,0.047250163175130575,0.5380710659898478,0.004958611475936825,0.5555555555555555,0.5380710659898478,0.4854862119013062,0.4895833333333333,0.5,0 days 00:00:05.900837,1H,True,confounder_3,5,None,transformer
2024-11-05 02:08:51.7150,0.05383307999568073,0.6319444444444444,0.004741207284668154,0.6527777777777777,0.6319444444444444,0.02663785861355715,0.5380710659898478,0.0034457689345528245,0.5625,0.5380710659898478,0.5054945054945055,0.5104166666666666,0.5,0 days 00:00:06.584648,15min,True,confounder_3,5,None,transformer
2024-11-05 09:01:21.0540,0.06126471256385209,0.6527777777777778,0.017783244841378196,0.6944444444444443,0.6319444444444444,0.0,0.5380710659898478,0.012509694451374984,0.6152777777777777,0.5380710659898478,0.4175824175824176,0.4453125,0.5,0 days 00:00:24.720089,6H,False,confounder_3,5,None,transformer
2024-11-05 10:25:18.0734,0.12938082591880884,0.6388888888888888,0.04027703962464285,0.6736111111111109,0.6319444444444444,0.3084619638930751,0.5380710659898478,0.016689907745967708,0.5763888888888888,0.5380710659898478,0.3694795770267469,0.3836805555555556,0.5,0 days 00:00:22.610137,12H,False,confounder_3,3,None,transformer
2024-11-05 02:09:14.6358,0.06156662377902144,0.6319444444444444,0.018554015217122,0.7291666666666666,0.6319444444444444,0.08331145373167337,0.5408163265306123,0.014007483177993598,0.6618055555555554,0.5380710659898478,0.4972009122952519,0.5251736111111112,0.5,0 days 00:00:19.968747,15min,False,confounder_3,3,None,transformer
2024-11-05 13:14:09.3185,0.006965033643165128,0.6458333333333334,0.0003529545646101504,0.6527777777777778,0.6319444444444444,0.0,0.5380710659898478,0.0008199749360159343,0.5625,0.5380710659898478,0.5175202156334231,0.5234375,0.5,0 days 00:00:04.893138,24H,True,confounder_3,3,None,transformer
2024-11-05 09:00:52.5717,0.060131935170945824,0.6458333333333334,0.01455446556302331,0.6736111111111109,0.6319444444444444,0.0,0.5408163265306123,0.017142059629200658,0.5888888888888889,0.5380710659898478,0.3877254820651047,0.4068287037037037,0.5,0 days 00:00:18.666103,6H,False,confounder_3,3,None,transformer
2024-11-05 13:14:16.0344,0.007369190601570627,0.6319444444444444,0.0003070496083987761,0.6319444444444444,0.6319444444444444,0.002490673511322592,0.5380710659898478,0.00041082767137055084,0.5347222222222222,0.5380710659898478,0.4982376114451586,0.4973958333333333,0.5,0 days 00:00:03.884674,24H,True,confounder_3,5,None,transformer
2024-11-05 13:14:42.3491,0.1302023604795916,0.6527777777777778,0.0465166216262917,0.6805555555555555,0.6319444444444444,-0.02380095721776129,0.5380710659898478,0.048432877498675,0.575,0.5380710659898478,0.4117769023429401,0.4314236111111112,0.5,0 days 00:00:11.496419,24H,False,confounder_3,5,None,transformer
2024-11-05 09:00:12.5994,0.045577143399819386,0.6319444444444444,0.004143983867613482,0.6388888888888888,0.6319444444444444,0.01732731252491807,0.5380710659898478,0.003504597457687769,0.5416666666666666,0.5380710659898478,0.4870412606261663,0.4895833333333333,0.5,0 days 00:00:13.048651,6H,True,confounder_3,3,None,transformer
2024-11-05 02:08:38.4271,0.0030458411650432426,0.6319444444444444,0.005671750139678152,0.6527777777777777,0.6319444444444444,0.03994847830730167,0.5380710659898478,0.004915725575767871,0.5625,0.5380710659898478,0.5057018453244868,0.5104166666666666,0.5,0 days 00:00:20.049951,15min,True,confounder_3,3,None,transformer
2024-11-05 02:09:46.0421,0.06921102899606131,0.6319444444444444,0.020619593693921388,0.7361111111111109,0.6319444444444444,0.1134975959862417,0.5380710659898478,0.011832019756344151,0.6666666666666666,0.5380710659898478,0.4536595479991706,0.5031828703703703,0.5,0 days 00:00:28.526422,15min,False,confounder_3,5,None,transformer
2024-11-05 10:24:51.2945,0.014812754452767963,0.6319444444444444,0.0008534881074026973,0.6388888888888888,0.6319444444444444,0.0039504222980976155,0.5380710659898478,0.0009335458648422727,0.5416666666666666,0.5380710659898478,0.4928467758656438,0.4947916666666667,0.5,0 days 00:00:06.686476,12H,True,confounder_3,5,None,transformer
2024-11-05 01:38:47.1921,0.5744308031017867,0.8493010752688172,0.007865302192642615,0.8500896057347667,0.8493010752688172,0.14192099327689528,0.2619258982385647,0.006329665093475957,0.2697680268928516,0.2619258982385647,0.5028479056555035,0.5022790164452878,0.5,0 days 00:07:06.999476,15min,True,1_random_5,3,None,transformer
2024-11-05 07:32:34.5395,0.4878674748980074,0.8493010752688172,0.0052707156450563465,0.8509677419354836,0.8493010752688172,0.07934333908184257,0.2619258982385647,0.005039971538042395,0.27183849447524056,0.2619258982385647,0.5051894374818874,0.5050145719129946,0.5,0 days 00:07:29.441548,6H,True,1_random_5,3,None,transformer
2024-11-05 01:45:49.4824,0.5750705050677163,0.8493010752688172,0.006073412591263985,0.8501075268817202,0.8493010752688172,0.09125929804544508,0.2619258982385647,0.004809380190314752,0.2697649843792901,0.2619258982385647,0.5029066832168781,0.502310641998735,0.5,0 days 00:09:09.297235,15min,True,1_random_5,5,None,transformer
2024-11-05 07:40:23.0703,0.4865728481014506,0.8493010752688172,0.005326849018623367,0.8509139784946234,0.8493010752688172,0.07124105147053125,0.2619258982385647,0.005112583076620089,0.2717387593965433,0.2619258982385647,0.5049210696783945,0.5047380679422306,0.5,0 days 00:07:44.869003,6H,True,1_random_5,5,None,transformer
2024-11-05 17:10:07.7967,0.5478674878757008,0.8562186379928315,0.2589878395247356,0.8823655913978493,0.8493010752688172,22.306567648210216,0.3743433426292237,0.4194795789214653,0.4879968001062933,0.2619258982385647,0.5853940968177084,0.6048794495396724,0.5,0 days 07:02:24.609804,12H,False,1_random_5,5,None,transformer
2024-11-05 13:43:10.5695,0.4430125111049433,0.855089605734767,0.264076148481722,0.8816487455197132,0.8493010752688172,34.37217144109461,0.3750082907740267,0.4651373769031567,0.4836125406716391,0.2619258982385647,0.5706853241830496,0.5898654925679949,0.5,0 days 03:45:41.212446,12H,False,1_random_5,3,None,transformer
2024-11-05 13:14:00.1285,0.30608785566927305,0.8575268817204301,0.10209109700044086,0.8846236559139785,0.8493010752688172,1.9313537275082733,0.35213132115435536,0.15472512192524898,0.4929927702636913,0.2619258982385647,0.5869470492476018,0.6082794710626186,0.5,0 days 05:13:43.700610,6H,False,1_random_5,5,None,transformer
2024-11-05 05:21:03.7301,0.5994729253042421,0.8493010752688172,0.007021852716200606,0.8509498207885303,0.8493010752688172,0.11142168239822818,0.2619258982385647,0.006425016518422293,0.27446937821411865,0.2619258982385647,0.5061897588808603,0.5057634825883758,0.5,0 days 00:13:17.577198,1H,True,1_random_5,5,None,transformer
2024-11-05 09:57:23.0758,0.4748547789929967,0.8493010752688172,0.00615045736001099,0.8507885304659496,0.8493010752688172,0.13227194461034458,0.2619258982385647,0.0062261807170730325,0.27099831548639397,0.2619258982385647,0.5049520387169116,0.5047677718040621,0.5,0 days 00:09:21.750708,12H,True,1_random_5,3,None,transformer
2024-11-05 10:07:36.0127,0.474064427907316,0.8493010752688172,0.005446793667151433,0.8510573476702509,0.8493010752688172,0.14622632564154142,0.2619258982385647,0.005511261501166942,0.27228641183760394,0.2619258982385647,0.5056224155805377,0.5054565060791342,0.5,0 days 00:10:41.037310,12H,True,1_random_5,5,None,transformer
2024-11-05 14:46:29.5551,2.3174036063205925,0.8510035842293907,0.5642451240807708,0.8776881720430108,0.8493010752688172,38.128892005200356,0.3560771832106624,0.9088748621742226,0.4669049801116737,0.2619258982385647,0.5538414858339176,0.5678166618349848,0.5,0 days 03:17:07.410841,24H,False,1_random_5,3,None,transformer
2024-11-05 13:46:27.0540,0.16689989739504602,0.8504121863799283,0.020026847258168445,0.8647491039426523,0.8493010752688172,-3.2072463406614137e-07,0.2627944824535069,0.013937207062512143,0.3898440701548256,0.2619258982385647,0.5105344867601984,0.521077992128751,0.5,0 days 12:00:16.752703,15min,False,1_random_5,5,None,transformer
2024-11-05 05:09:01.7394,0.5984783403521756,0.8493010752688172,0.008573029436264146,0.8509318996415769,0.8493010752688172,0.1151253773969902,0.2619258982385647,0.008135743039601108,0.2744054854293284,0.2619258982385647,0.5061658122346204,0.5057494267868438,0.5,0 days 00:10:26.855786,1H,True,1_random_5,3,None,transformer
2024-11-05 11:29:17.3601,0.26264976004666685,0.8493010752688172,0.005008472086589079,0.8512365591397849,0.8493010752688172,0.25267812398621803,0.2619258982385647,0.005251128600481697,0.2725450996979748,0.2619258982385647,0.5053476238627228,0.5052981586899993,0.5,0 days 00:07:59.393768,24H,True,1_random_5,5,None,transformer
2024-11-06 06:20:33.1975,0.283152005986542,0.8503405017921147,0.02947733436646045,0.8728136200716845,0.8493010752688172,0.007527423674170958,0.2801838857972417,0.03101932012903419,0.43765916770708735,0.2619258982385647,0.5435763455204097,0.5624046840958605,0.5,1 days 00:59:25.390233,1H,False,1_random_5,5,None,transformer
2024-11-05 06:32:21.5215,0.30218213868230265,0.8503405017921147,0.020213954955510063,0.8664157706093188,0.8493010752688172,-8.432628635552803e-06,0.2640781650966704,0.014173576912723371,0.3966145979000609,0.2619258982385647,0.5164244056760714,0.5254776776301918,0.5,0 days 04:53:10.251905,15min,False,1_random_5,3,None,transformer
2024-11-05 17:16:21.1961,0.3049720153574198,0.8579569892473118,0.11353738555398672,0.8845878136200717,0.8493010752688172,4.169647832112196,0.35310509554140124,0.16416961358175142,0.4924895063639804,0.2619258982385647,0.5814163174786185,0.6038649061775248,0.5,0 days 03:42:38.382476,6H,False,1_random_5,3,None,transformer
2024-11-05 11:21:12.7590,0.2533658691569059,0.8493548387096774,0.004997941417363993,0.8510035842293904,0.8493010752688172,0.0,0.2619258982385647,0.0055261560895358925,0.2711820536224463,0.2619258982385647,0.5047312593209021,0.5046650985663083,0.5,0 days 00:07:59.648830,24H,True,1_random_5,3,None,transformer
2024-11-05 14:24:16.6348,2.850431627146825,0.8511648745519713,0.5735247240587659,0.8782078853046594,0.8493010752688172,0.11699754703483295,0.3646299710297604,0.8334112441163858,0.473538646793535,0.2619258982385647,0.5715726223300798,0.5866710920479303,0.5,0 days 02:47:13.498233,24H,False,1_random_5,5,None,transformer
2024-11-05 19:27:42.9433,0.1821823318090013,0.8503763440860215,0.03137091532459608,0.8732437275985663,0.8493010752688172,0.010167870726318685,0.2837478085838582,0.03446398650235601,0.4388836065238589,0.2619258982385647,0.5446715601787563,0.5605324623128821,0.5,0 days 14:18:36.924219,1H,False,1_random_5,3,None,transformer
2024-10-25 12:09:46.5681,0.17801997028377664,0.6684643040575244,0.023006173432398826,0.7329224447868516,0.6653826399589111,-0.010807840864964129,0.5015396458814473,0.035371475359601126,0.5906596228630127,0.5014431402732346,0.4553145029743137,0.4814137134052388,0.5,0 days 00:58:56.308084,1H,False,root_cause_3,5,None,transformer
2024-10-25 11:06:59.1245,0.5983699270969697,0.6653826399589111,0.007116687892828002,0.6697483307652801,0.6653826399589111,0.09219144695892242,0.5014431402732346,0.007819275439960352,0.5056497175141242,0.5014431402732346,0.4980626899951512,0.4971109399075501,0.5,0 days 00:00:46.899004,1H,True,root_cause_3,3,None,transformer
2024-10-26 14:11:48.2313,0.5324812616790098,0.6815613764766307,0.1548317059682265,0.7265023112480741,0.6653826399589111,64.75189560619229,0.5015396458814473,0.6488330825305731,0.5804534448602244,0.5014431402732346,0.4195458747485615,0.4392655367231639,0.5,0 days 00:08:33.090460,24H,False,root_cause_3,3,None,transformer
2024-10-25 11:08:05.1337,0.4749157805449081,0.6653826399589111,0.0053360185233643,0.6700051361068311,0.6653826399589111,0.12464758257579145,0.5014431402732346,0.0057932630551312935,0.5059065228556754,0.5014431402732346,0.4978344662570981,0.4972072419106318,0.5,0 days 00:01:00.788812,1H,True,root_cause_3,5,None,transformer
2024-10-25 14:38:13.3801,0.4870214880093881,0.6653826399589111,0.004945648020978843,0.6712891628145866,0.6653826399589111,0.06330846773868384,0.5014431402732346,0.0054691758763356895,0.5071905495634309,0.5014431402732346,0.5016378496555022,0.5018297380585516,0.5,0 days 00:00:34.285179,6H,True,root_cause_3,5,None,transformer
2024-10-26 14:15:18.5849,0.5800974826988242,0.6784797123780174,0.1876788704685862,0.7280431432973806,0.6653826399589111,49.60464426785875,0.5016361886429258,0.4761845799637413,0.5829041015481693,0.5014431402732346,0.4268210432653559,0.44526836158192096,0.5,0 days 00:11:07.717448,24H,False,root_cause_3,5,None,transformer
2024-10-25 10:33:55.8335,0.5745203780725229,0.6653826399589111,0.006626243944437003,0.6689779147406266,0.6653826399589111,0.1418190913663751,0.5014431402732346,0.007009979829853362,0.5048793014894709,0.5014431402732346,0.4947720324767859,0.4939329738058552,0.5,0 days 00:01:26.403416,15min,True,root_cause_3,3,None,transformer
2024-10-25 20:05:25.4021,0.4570054760509568,0.6810477657935285,0.10145020162937007,0.7326656394453005,0.6653826399589111,50.8003051449757,0.5016361886429258,0.3633705402788825,0.5888766600631008,0.5014431402732346,0.4375432640230232,0.4651921759972608,0.5,0 days 00:23:16.731177,12H,False,root_cause_3,3,None,transformer
2024-10-25 11:06:04.6632,0.17128876593578835,0.6676938880328711,0.016667576438905703,0.7223934257832564,0.6653826399589111,-7.227823674890401e-05,0.5052011776251226,0.017164985061751827,0.5794592413236481,0.5014431402732346,0.4437063416578967,0.456439393939394,0.5,0 days 00:33:34.562830,15min,False,root_cause_3,3,None,transformer
2024-10-25 20:30:48.7971,0.454958623180988,0.6836158192090396,0.11000707857124996,0.736260914227016,0.6653826399589111,37.955603787730205,0.5015396458814473,0.25702042422840743,0.5939760804167583,0.5014431402732346,0.4518539735367096,0.4771978257147749,0.5,0 days 00:30:39.845965,12H,False,root_cause_3,5,None,transformer
2024-10-25 15:16:24.0602,0.3270442014319174,0.6856702619414484,0.06199703208239572,0.7401129943502825,0.6653826399589111,3.1700794933954595,0.5017327685791299,0.13721195835949526,0.5993249688164942,0.5014431402732346,0.4653738233740798,0.4924884437596302,0.5,0 days 00:37:14.418283,6H,False,root_cause_3,5,None,transformer
2024-10-25 12:01:21.5237,0.1730359376976637,0.6692347200821777,0.0218475208412368,0.7285567539804828,0.6653826399589111,-0.1080149648235192,0.5014431402732346,0.03512264900676934,0.5845109692567321,0.5014431402732346,0.4527458381379786,0.4742873651771957,0.5,0 days 00:53:10.799739,1H,False,root_cause_3,3,None,transformer
2024-10-25 19:41:41.6607,0.4707401346187559,0.6653826399589111,0.0062085694668187,0.6710323574730355,0.6653826399589111,0.1313263304972712,0.5014431402732346,0.007136381250042415,0.5069337442218799,0.5014431402732346,0.5007123661129366,0.5007704160246533,0.5,0 days 00:00:33.037254,12H,True,root_cause_3,5,None,transformer
2024-10-25 14:37:12.2778,0.4880128107657905,0.6653826399589111,0.005657752505699474,0.6712891628145866,0.6653826399589111,0.08351901622700303,0.5014431402732346,0.0065355595563337575,0.5071905495634309,0.5014431402732346,0.5012744096469479,0.5016371340523883,0.5,0 days 00:00:32.160284,6H,True,root_cause_3,3,None,transformer
2024-10-26 14:03:56.8041,0.25337931174280026,0.6653826399589111,0.0042773031923711395,0.6705187467899333,0.6653826399589111,0.2492936142363781,0.5014431402732346,0.0051285717047423315,0.5064201335387777,0.5014431402732346,0.5024260435126847,0.5026964560862865,0.5,0 days 00:00:40.842433,24H,True,root_cause_3,3,None,transformer
2024-10-25 10:34:02.6256,0.5196354579063747,0.6653826399589111,0.005538510779015606,0.6689779147406266,0.6653826399589111,0.13278224362106605,0.5014431402732346,0.005452546625336778,0.5048793014894709,0.5014431402732346,0.4951362129906551,0.4942218798151001,0.5,0 days 00:01:33.473145,15min,True,root_cause_3,5,None,transformer
2024-10-25 15:03:51.9863,0.3246482989499192,0.6854134565998973,0.06315319385468893,0.7455059065228558,0.6653826399589111,-0.1283746394091152,0.5017341040462427,0.14813982825807312,0.6049746863306186,0.5014431402732346,0.4680591918480436,0.497228642355761,0.5,0 days 00:25:12.914285,6H,False,root_cause_3,3,None,transformer
2024-10-25 19:40:40.8774,0.4700277381841712,0.6653826399589111,0.00643561317601591,0.6702619414483821,0.6653826399589111,0.1336606079194198,0.5014431402732346,0.007675906482853143,0.5061633281972265,0.5014431402732346,0.5008920127023319,0.500866718027735,0.5,0 days 00:00:31.211204,12H,True,root_cause_3,3,None,transformer
2024-10-25 11:18:03.6353,0.20148376285070596,0.6676938880328711,0.02038641240118725,0.7205957883923986,0.6653826399589111,-2.596102463719247e-06,0.50312744331509,0.017973601856533312,0.5774524910118131,0.5014431402732346,0.4258012193456717,0.4484035267933573,0.5,0 days 00:45:12.078887,15min,False,root_cause_3,5,None,transformer
2024-10-26 14:03:57.3515,0.2537965102009535,0.6653826399589111,0.004208817053941976,0.6707755521314844,0.6653826399589111,0.25254781928698394,0.5014431402732346,0.005190512971548754,0.5066769388803287,0.5014431402732346,0.5009109696383935,0.5012519260400616,0.5,0 days 00:00:41.644999,24H,True,root_cause_3,5,None,transformer
2024-11-05 09:02:06.5547,0.17145473779817785,0.7775623268698061,0.012366149593346185,0.7836565096952908,0.7775623268698061,0.07458052884397195,0.3639247677317018,0.012890480541887524,0.3688637924094989,0.3639247677317018,0.510909780787313,0.509767881875742,0.5,0 days 00:00:40.934009,6H,True,confounder_5,3,None,transformer
2024-11-05 11:00:37.2501,0.4842487558409111,0.7786703601108034,0.10779109887296212,0.7981994459833794,0.7775623268698061,39.8754108013659,0.3639247677317018,0.3014998230955819,0.4072853132894843,0.3639247677317018,0.4360736324107008,0.4474920442553753,0.5,0 days 00:33:18.396405,12H,False,confounder_5,3,None,transformer
2024-11-05 05:37:09.1046,0.1282432389253867,0.7775623268698061,0.012289729793865051,0.7807479224376729,0.7775623268698061,0.09705681566442137,0.3639247677317018,0.012416870376786843,0.36612448800814457,0.3639247677317018,0.5060322197530547,0.5042361248516026,0.5,0 days 00:01:39.315893,1H,True,confounder_5,5,None,transformer
2024-11-05 09:30:38.9432,0.303599022879448,0.7783933518005541,0.08555731164747067,0.7965373961218836,0.7775623268698061,-0.2210161189641205,0.3639247677317018,0.05177000995130153,0.4130264763335021,0.3639247677317018,0.4560916357922132,0.4678736726685134,0.5,0 days 00:27:38.206155,6H,False,confounder_5,3,None,transformer
2024-11-05 13:15:25.1548,0.18619617714025305,0.7775623268698061,0.014672285457716481,0.7810249307479225,0.7775623268698061,0.14375739208633978,0.3639247677317018,0.013954338234642677,0.3668148103051151,0.3639247677317018,0.5031848638499818,0.5029246224112914,0.5,0 days 00:00:18.643589,24H,True,confounder_5,5,None,transformer
2024-11-05 09:02:56.8809,0.16451410699019273,0.7775623268698061,0.012514742061438155,0.782409972299169,0.7775623268698061,0.09202445227688474,0.3639247677317018,0.012562913846257042,0.3682482183867226,0.3639247677317018,0.5072297463067115,0.506428159213824,0.5,0 days 00:00:45.298219,6H,True,confounder_5,5,None,transformer
2024-11-05 07:59:54.2140,0.1676920338737904,0.7801939058171745,0.03134081153853914,0.8009695290858725,0.7775623268698061,-0.008121702656350302,0.3640897755610972,0.03562685602203442,0.4430075482591937,0.3639247677317018,0.4885378175269884,0.5058740189289012,0.5,0 days 01:27:14.118092,1H,False,confounder_5,5,None,transformer
2024-11-05 03:28:04.9218,0.050611043524201114,0.7860110803324101,0.02645998735595585,0.8051246537396122,0.7775623268698061,0.0,0.36800367773819104,0.022617124291799837,0.4624824564896956,0.3639247677317018,0.515351675960428,0.531981639955151,0.5,0 days 01:15:47.728116,15min,False,confounder_5,3,None,transformer
2024-11-05 10:27:14.7181,0.13698952019017954,0.7775623268698061,0.010201374476177487,0.7828254847645428,0.7775623268698061,0.09190600092970598,0.3639247677317018,0.010756111504865344,0.3678480952719181,0.3639247677317018,0.5080643104034966,0.5072643368289144,0.5,0 days 00:00:40.359533,12H,True,confounder_5,5,None,transformer
2024-11-05 02:12:14.1817,0.1377004170018552,0.7775623268698061,0.0130515928216898,0.7817174515235457,0.7775623268698061,0.05242919610356928,0.3639247677317018,0.01119785576766873,0.3663991287259986,0.3639247677317018,0.5028843453543689,0.5011603432924416,0.5,0 days 00:01:25.420779,15min,True,confounder_5,5,None,transformer
2024-11-05 02:10:45.6166,0.15073189420999403,0.7775623268698061,0.016626924539942974,0.7815789473684209,0.7775623268698061,0.07496076719244063,0.3639247677317018,0.013802996292798898,0.3662144565191656,0.3639247677317018,0.502790901238276,0.5010737781954887,0.5,0 days 00:00:56.789098,15min,True,confounder_5,3,None,transformer
2024-11-05 10:24:25.7850,0.13909325741783032,0.7831024930747923,0.06407075118482321,0.8002770083102493,0.7775623268698061,1.265789375241518,0.3650450039876951,0.07255019640811135,0.4274074729324036,0.3639247677317018,0.4777828156880525,0.4877460922041948,0.5,0 days 00:55:13.021820,6H,False,confounder_5,5,None,transformer
2024-11-05 07:03:27.0843,0.0853512774104054,0.782409972299169,0.03870897606175313,0.8041551246537395,0.7775623268698061,-0.06575212773335964,0.36429624588862425,0.035961192109183526,0.4414225591342297,0.3639247677317018,0.4883047895294677,0.5054326193773908,0.5,0 days 01:26:14.911114,1H,False,confounder_5,3,None,transformer
2024-11-05 10:26:30.4793,0.13493290063026533,0.7777008310249307,0.012529777369241551,0.7819944598337949,0.7775623268698061,0.0,0.3639247677317018,0.014454465586315147,0.3669071464085315,0.3639247677317018,0.5057096850472999,0.5057461086927846,0.5,0 days 00:00:36.249579,12H,True,confounder_5,3,None,transformer
2024-11-05 11:36:57.6449,0.32865016718826506,0.7825484764542936,0.09601567885845147,0.7987534626038779,0.7775623268698061,25.73628021084135,0.3646094283762241,0.2659291835735101,0.4085213693689351,0.3639247677317018,0.4469169763724473,0.4565678175702413,0.5,0 days 00:36:31.164566,12H,False,confounder_5,5,None,transformer
2024-11-05 05:32:48.9282,0.050253998837822576,0.7828254847645431,0.026114101438073384,0.8044321329639889,0.7775623268698061,-5.070597755608392e-07,0.3653561253561254,0.01840991368236158,0.4568294048210946,0.3639247677317018,0.5046211304153776,0.5261989265927978,0.5,0 days 02:04:40.802142,15min,False,confounder_5,5,None,transformer
2024-11-05 13:33:10.4533,2.0303541033735084,0.7783933518005541,0.16853550605269355,0.8012465373961218,0.7775623268698061,-0.13593700337688985,0.3639247677317018,0.1904400054004932,0.4240348902639641,0.3639247677317018,0.4462780626267456,0.4550960048146682,0.5,0 days 00:10:29.494743,24H,False,confounder_5,5,None,transformer
2024-11-05 13:22:37.3754,5.847115821468048,0.7785318559556786,0.17465053120608834,0.7988919667590028,0.7775623268698061,-0.9686105836603394,0.3639247677317018,0.2825731584381099,0.4185822935612168,0.3639247677317018,0.4233820359260185,0.4331557924416304,0.5,0 days 00:07:10.270561,24H,False,confounder_5,3,None,transformer
2024-11-05 05:35:26.4862,0.1900609013090587,0.7775623268698061,0.014847226728942153,0.7806094182825484,0.7775623268698061,0.0838775473015191,0.3639247677317018,0.01405871701540875,0.36612448800814457,0.3639247677317018,0.5058142759095855,0.5037727130325814,0.5,0 days 00:01:03.721992,1H,True,confounder_5,3,None,transformer
2024-11-05 13:15:03.2932,0.18542142990429414,0.7775623268698061,0.016485895386361932,0.7808864265927977,0.7775623268698061,0.12559472556069373,0.3639247677317018,0.015039642845494562,0.36640149631839386,0.3639247677317018,0.5015509505013485,0.5018075204458514,0.5,0 days 00:00:18.146779,24H,True,confounder_5,3,None,transformer
2025-02-20 00:02:21.8198,0.1266646139204191,0.7988826815642458,0.028792501268346336,0.8064245810055864,0.7973463687150838,0.0,0.33777154870357395,0.012107075871951494,0.3675379177808132,0.3370108001393567,0.4395911324798319,0.4477653631284916,0.5,0 days 01:52:34.437221,15min,False,close_5,5,,
2025-02-19 22:09:43.4227,0.16976748947756026,0.7979050279329609,0.005836421381094125,0.7980446927374301,0.7973463687150838,0.0,0.3370108001393567,0.0067307277300096315,0.3378026070763502,0.3370108001393567,0.4991009516331898,0.4993395018621974,0.5,0 days 00:00:15.707183,24H,True,close_5,3,,
2025-02-19 22:09:27.2403,0.4663315861604476,0.7973463687150838,0.008676602156057617,0.7976256983240222,0.7973463687150838,0.08455909260103754,0.3370108001393567,0.005889082629845862,0.33724394785847306,0.3370108001393567,0.4980613873484248,0.4981174348230912,0.5,0 days 00:00:17.723819,12H,True,close_5,3,,
2025-02-19 22:53:42.4219,0.7405307487242451,0.8012569832402234,0.1497795383426252,0.8085195530726255,0.7973463687150838,-0.07314788846844889,0.3370108001393567,0.11103941298868077,0.3723761698318415,0.3370108001393567,0.4322570828050406,0.4372395833333333,0.5,0 days 00:20:45.030425,24H,False,close_5,5,,
2025-02-19 22:09:15.1599,0.2627658266544508,0.7973463687150838,0.0035493911028289813,0.7976256983240222,0.7973463687150838,0.06396683269581628,0.3370108001393567,0.0022548869907895058,0.33724394785847306,0.3370108001393567,0.4977140812522431,0.4977740921787709,0.5,0 days 00:00:12.758690,6H,True,close_5,5,,
2025-02-19 23:13:22.8386,0.3893292210699184,0.8005586592178771,0.08857459021845324,0.8078212290502793,0.7973463687150838,-0.2247572434810236,0.3370499419279907,0.05617097617191087,0.36906383835579865,0.3370108001393567,0.4271312697532606,0.4319587988826816,0.5,0 days 00:57:58.523053,6H,False,close_5,3,,
2025-02-19 22:09:44.5679,0.16361041253636333,0.7979050279329609,0.0052473501501929965,0.7980446927374301,0.7973463687150838,0.0,0.3370108001393567,0.005979268232444616,0.3378026070763502,0.3370108001393567,0.4988393554182346,0.4990718109869646,0.5,0 days 00:00:13.291505,24H,True,close_5,5,,
2025-02-19 22:09:23.9363,0.06764463546841495,0.7974860335195529,0.00238071528947302,0.7976256983240222,0.7973463687150838,0.0,0.3370108001393567,0.0019102622768962941,0.33724394785847306,0.3370108001393567,0.4982316602885237,0.4982265479515829,0.5,0 days 00:00:51.449557,1h,True,close_5,5,,
2025-02-19 22:08:59.9660,0.15315995035472738,0.7973463687150838,0.002832451758821973,0.7979050279329608,0.7973463687150838,0.0668268776564128,0.3370108001393567,0.0021548384112865145,0.3376163873370578,0.3370108001393567,0.4990121030802562,0.4990558077281192,0.5,0 days 00:00:11.880824,6H,True,close_5,3,,
2025-02-19 22:58:14.4041,0.6944800637191948,0.8019553072625698,0.12641806986628867,0.8093575418994413,0.7973463687150838,25.73628021084135,0.3370108001393567,0.17475469417675515,0.3720289069147462,0.3370108001393567,0.4378711403844559,0.4423425861266294,0.5,0 days 00:35:58.005910,12H,False,close_5,5,,
2025-02-19 23:59:56.9443,0.2246376357572332,0.7988826815642458,0.03695420558132994,0.8040502793296088,0.7973463687150838,0.40821600604691294,0.3370108001393567,0.02173506253247328,0.3577473892074458,0.3370108001393567,0.4388115950741686,0.443984811452514,0.5,0 days 01:50:09.464450,1h,False,close_5,3,,
2025-02-19 22:08:14.4534,0.12879249456153086,0.7973463687150838,0.0036821399912792046,0.7976256983240222,0.7973463687150838,0.12547781165419633,0.3370108001393567,0.0034972741455565077,0.33724394785847306,0.3370108001393567,0.4983246132583046,0.4983793063314712,0.5,0 days 00:00:23.639536,15min,True,close_5,3,,
2025-02-19 22:09:29.0412,0.2606140065908717,0.7973463687150838,0.005803576672837032,0.7976256983240222,0.7973463687150838,0.08740778488117072,0.3370108001393567,0.004848331208453975,0.33724394785847306,0.3370108001393567,0.4979747720811289,0.4980083216945996,0.5,0 days 00:00:11.053777,12H,True,close_5,5,,
2025-02-19 22:31:14.2648,0.841388790304945,0.8016759776536313,0.13428179204257445,0.8094972067039105,0.7973463687150838,20.458597494865092,0.3370108001393567,0.17520178022709654,0.3727365673351829,0.3370108001393567,0.4285344370834545,0.4341366969273742,0.5,0 days 00:15:14.377561,12H,False,close_5,3,,
2025-02-19 22:38:50.3569,0.7868695281655986,0.8008379888268157,0.1563580176311895,0.8072625698324022,0.7973463687150838,-0.6718921498172987,0.3370108001393567,0.17433807920947905,0.368511339145296,0.3370108001393567,0.4203811337340935,0.4262147928305401,0.5,0 days 00:07:31.351745,24H,False,close_5,3,,
2025-02-19 22:43:30.1742,0.16014642693425507,0.7987430167597765,0.02768473588517352,0.8058659217877095,0.7973463687150838,-4.720705798941343e-08,0.3394280356305672,0.011865855746205405,0.3683978848722596,0.3370108001393567,0.4467448896086909,0.4502615805400372,0.5,0 days 00:33:58.119161,15min,False,close_5,3,,
2025-02-20 00:26:11.7961,0.21461343056902554,0.7988826815642458,0.035328298110591363,0.8060055865921788,0.7973463687150838,0.0,0.3376835236541598,0.02151600052218083,0.3598923429686122,0.3370108001393567,0.44441937531017023,0.44924377327746745,0.5,0 days 02:13:33.966452,1h,False,close_5,5,,
2025-02-19 22:08:45.9924,0.13338366818166572,0.7973463687150838,0.0033859607761702994,0.7976256983240222,0.7973463687150838,0.0850879328168114,0.3370108001393567,0.003119775877978693,0.33724394785847306,0.3370108001393567,0.4983247339764472,0.4983793063314712,0.5,0 days 00:00:29.328832,15min,True,close_5,5,,
2025-02-19 23:15:55.0700,0.4199293622579734,0.8009776536312849,0.08778540052826707,0.8079608938547486,0.7973463687150838,-0.0456507244890695,0.3370499419279907,0.052258235865571566,0.3684200019881343,0.3370108001393567,0.4300601936874311,0.43548417132216016,0.5,0 days 01:00:23.296199,6H,False,close_5,5,,
2025-02-19 22:09:05.7561,0.08598216407368145,0.7974860335195529,0.002659495884878533,0.7976256983240222,0.7973463687150838,0.0,0.3370108001393567,0.0021924056556552707,0.33724394785847306,0.3370108001393567,0.4983206295595997,0.4983138384543762,0.5,0 days 00:00:42.227775,1h,True,close_5,3,,
2024-11-29 21:05:51.4458,0.10013793743944023,0.9117597517730496,0.0543350882791892,0.9231914893617024,0.91086731678487,0.8349330610004753,0.2645386243825495,0.04571562162051196,0.34847918110706394,0.16367644565033068,0.5529923279869791,0.5603480474914765,0.5,0 days 10:01:59.853232,15min,False,disjoint_10,5,None,transformer
2024-11-29 18:15:25.8540,0.11175615860904163,0.9124615839243498,0.05791076060464252,0.9229816784869976,0.91086731678487,1.1328358986360398,0.26164394677052905,0.046260131449555916,0.3464657786953637,0.16367644565033068,0.5573578453907402,0.5635292706657141,0.5,0 days 07:11:34.326215,15min,False,disjoint_10,3,None,transformer
2024-11-07 08:26:31.9151,0.5769129897563154,0.91086731678487,0.02614174028817502,0.9112470449172576,0.91086731678487,0.13410439102895327,0.16367644565033068,0.022713516678386662,0.16674252461486505,0.16367644565033068,0.502929804059069,0.5028465353278763,0.5,0 days 20:43:53.619955,15min,True,disjoint_10,3,None,transformer
2024-11-07 08:13:13.3087,0.2638934588909926,0.91086731678487,0.014598926132367403,0.9115913120567376,0.91086731678487,0.15167065467828109,0.16367644565033068,0.0106844827076844,0.16828582216500151,0.16367644565033068,0.5043312446755092,0.5043159609743774,0.5,0 days 20:29:16.706597,24H,True,disjoint_10,5,None,transformer
2024-11-07 08:00:37.4884,0.2617572601644159,0.91086731678487,0.01487767932342811,0.9115602836879434,0.91086731678487,0.13860079540360068,0.16367644565033068,0.011283496194655615,0.16783546304252991,0.16367644565033068,0.5039370528337229,0.5039267038124171,0.5,0 days 20:16:48.146481,24H,True,disjoint_10,3,None,transformer
2024-11-29 18:38:55.9403,0.07479164285535023,0.9156841016548464,0.09001775063018196,0.9272414302600474,0.91086731678487,2.693979580496552,0.3379349795023357,0.0873456600715437,0.4046098387084584,0.16367644565033068,0.5873409631350065,0.5951752847626199,0.5,0 days 07:35:04.302386,1H,False,disjoint_10,3,None,transformer
2024-11-29 22:25:26.8223,0.14231990218104945,0.9160328014184396,0.0918595576495254,0.9246483451536645,0.91086731678487,2.86515839796484,0.31239731357910816,0.0846569360089585,0.3828054231220442,0.16367644565033068,0.5841053878525131,0.5941316401464452,0.5,0 days 11:19:18.724535,1H,False,disjoint_10,5,None,transformer
2024-11-07 08:13:22.9153,0.4893947771070543,0.91086731678487,0.01891900012976298,0.9114568557919625,0.91086731678487,0.07789040703110224,0.16367644565033068,0.01787021131718784,0.16754241136270012,0.16367644565033068,0.5035535774554227,0.5035084431912704,0.5,0 days 20:29:29.190539,6H,True,disjoint_10,5,None,transformer
2024-12-01 14:50:06.1183,268.0309981995026,0.91086731678487,4.259969879875354,0.916685874704492,0.91086731678487,155.5176977408351,0.2839164313115795,2.2551012811864304,0.34261487596462065,0.16367644565033068,0.5693054039931016,0.5719759902474706,0.5,2 days 03:47:06.072233,12H,False,disjoint_10,5,None,transformer
2024-11-07 02:54:11.8470,0.5994992022451282,0.91086731678487,0.02109684677173026,0.911446513002364,0.91086731678487,0.12111768077009105,0.16367644565033068,0.01811158742445977,0.1681782515863063,0.16367644565033068,0.5050791434335492,0.5050056838015641,0.5,0 days 15:11:32.285965,1H,True,disjoint_10,5,None,transformer
2024-11-07 08:18:46.7796,0.4806323417029381,0.91086731678487,0.021513681123615833,0.9114391252955084,0.91086731678487,0.2166431632871643,0.16367644565033068,0.02066243737843069,0.16762724758355455,0.16367644565033068,0.5037563456403193,0.5037222334450411,0.5,0 days 20:34:54.019609,12H,True,disjoint_10,3,None,transformer
2024-11-25 19:41:57.7825,0.20770443673450426,0.9144651300236408,0.24136529138960325,0.9250428486997636,0.91086731678487,3.6706534491557683,0.36370759083123794,0.308467565037385,0.4184864876427555,0.16367644565033068,0.5952221593677421,0.6007495783045317,0.5,4 days 07:30:55.232103,6H,False,disjoint_10,5,None,transformer
2024-11-09 13:41:15.7706,20.89028297808796,0.9108865248226949,1.5182081198740327,0.9163017139479908,0.91086731678487,0.11158603864696466,0.2100289467106377,1.3703123797068988,0.2812172486061165,0.16367644565033068,0.451580550550369,0.4539982377088001,0.5,3 days 01:57:19.122791,24H,False,disjoint_10,3,None,transformer
2024-11-07 07:50:20.9590,0.4892758580946161,0.91086731678487,0.020284840462054643,0.9114568557919625,0.91086731678487,0.07821631554611934,0.16367644565033068,0.019390474893584395,0.16752662484425404,0.16367644565033068,0.5035602256032121,0.5035148998991303,0.5,0 days 20:06:27.295267,6H,True,disjoint_10,3,None,transformer
2024-11-24 11:18:55.6976,0.2021302748449849,0.91528073286052,0.2523820221901101,0.9248611111111112,0.91086731678487,7.465342755032864,0.3653248503405726,0.3604980901345594,0.4246890912595492,0.16367644565033068,0.6013750680105482,0.6064282477285861,0.5,2 days 23:07:53.116364,6H,False,disjoint_10,3,None,transformer
2024-11-26 04:40:53.9340,20.920416522292694,0.9108865248226949,1.4647761324952404,0.915874704491726,0.91086731678487,0.26173027344661304,0.21482554652246533,1.4039906652128615,0.2861480976803934,0.16367644565033068,0.476890303722888,0.4789744289770868,0.5,4 days 16:29:37.426445,24H,False,disjoint_10,5,None,transformer
2024-11-07 02:17:40.3269,0.575224822570487,0.91086731678487,0.019673069497053417,0.9112440898345155,0.91086731678487,0.08940348472864593,0.16367644565033068,0.017284665150743412,0.16673515061432995,0.16367644565033068,0.5029553622946203,0.5028697548282368,0.5,0 days 14:35:27.059191,15min,True,disjoint_10,5,None,transformer
2024-11-07 05:31:34.5454,0.4836033613194355,0.91086731678487,0.021239542628837968,0.9114479905437354,0.91086731678487,0.14609207721259268,0.16367644565033068,0.02000468570935492,0.16757245519593544,0.16367644565033068,0.5037327354884404,0.5036990547261124,0.5,0 days 17:47:42.077698,12H,True,disjoint_10,5,None,transformer
2024-11-07 10:25:25.3836,0.6038881444202305,0.91086731678487,0.02731678564432263,0.9114524231678488,0.91086731678487,0.11899621529598467,0.16367644565033068,0.023396093189705574,0.16817149943099793,0.16367644565033068,0.5051056847593467,0.505027471174596,0.5,0 days 22:43:10.377080,1H,True,disjoint_10,3,None,transformer
2024-11-13 18:19:04.4869,5.356604538898915,0.911053486997636,0.6827524793018955,0.9216489361702128,0.91086731678487,0.11495672503279485,0.3109294194770194,0.6254232025586107,0.3757880622917839,0.16367644565033068,0.5584942592897499,0.5592986226759533,0.5,4 days 18:53:29.161081,12H,False,disjoint_10,3,None,transformer
